{"cameraMode":{"drawMode":0,"name":"Shaded","section":"Shading Mode"},"sceneLighting":false,"audioPlay":false,"sceneViewState":{"m_AlwaysRefresh":false,"showFog":true,"showSkybox":false,"showFlares":true,"showImageEffects":true,"showParticleSystems":true,"showVisualEffectGraphs":true,"m_FxEnabled":true},"in2DMode":false,"pivot":{"x":0.18184271454811097,"y":0.624515950679779,"z":10.097556114196778},"rotation":{"x":0.18488508462905885,"y":-0.11264926940202713,"z":0.021334916353225709,"w":0.9760704636573792},"size":4.168267250061035,"orthographic":false}